,id,user,text,created_at,location,sentiment,sentiment_compound
0,1486119379758628867,RickNossi,nigga said eli apple got point,2022-01-25 23:30:45+00:00,Straight From The Gutter ,"{'neg': 0.0, 'neu': 1.0, 'pos': 0.0, 'compound': 0.0}",0.0
1,1486119377661431811,rodisreezNI,like droppin tuesday episode fiery chicken shrimp come laugh get real ni apple,2022-01-25 23:30:45+00:00,"Las Vegas, NV","{'neg': 0.13, 'neu': 0.541, 'pos': 0.33, 'compound': 0.5719}",0.5719
2,1486119377510535173,topologic_apple,plenty onco indication pdl drug plenty combo,2022-01-25 23:30:45+00:00, ,"{'neg': 0.0, 'neu': 1.0, 'pos': 0.0, 'compound': 0.0}",0.0
3,1486119376369733632,RichNChrist57,today podcast join u discus new number one best seller great reset,2022-01-25 23:30:44+00:00,"Big D's close enough, Texas ü§†","{'neg': 0.0, 'neu': 0.372, 'pos': 0.628, 'compound': 0.8957}",0.8957
4,1486119374289178624,AellaH1storical,also write anything apple gift card show recent video,2022-01-25 23:30:44+00:00,,"{'neg': 0.0, 'neu': 0.734, 'pos': 0.266, 'compound': 0.4404}",0.4404
5,1486119370338283520,Runedscope1,climate everything mean apple cider climate peterson afraid,2022-01-25 23:30:43+00:00,all going to die,"{'neg': 0.0, 'neu': 1.0, 'pos': 0.0, 'compound': 0.0}",0.0
6,1486119368715128839,prd_libertarian,government requiring apple let fix iphone preventing doctor prescribing covid treating antibody,2022-01-25 23:30:42+00:00,"Georgia, USA","{'neg': 0.091, 'neu': 0.909, 'pos': 0.0, 'compound': -0.0258}",-0.0258
7,1486119366143791104,hattajr,even use new computer bought apple give permission,2022-01-25 23:30:42+00:00,"Seoul, Republic of Korea","{'neg': 0.0, 'neu': 1.0, 'pos': 0.0, 'compound': 0.0}",0.0
8,1486119363405127683,Jackylina2929,please read photo use link help u fight back watch video downl,2022-01-25 23:30:41+00:00,"Texarkana, AR","{'neg': 0.167, 'neu': 0.513, 'pos': 0.321, 'compound': 0.34}",0.34
9,1486119362104905740,loveheqrts,adele discography oh ok,2022-01-25 23:30:41+00:00,,"{'neg': 0.0, 'neu': 0.577, 'pos': 0.423, 'compound': 0.296}",0.296
10,1486119362033594371,Couch_Investor,expect weak apple print,2022-01-25 23:30:41+00:00,Couch,"{'neg': 0.492, 'neu': 0.508, 'pos': 0.0, 'compound': -0.4404}",-0.4404
11,1486119360888512517,NDIRISH771,dork not exactly intimidating presence one besides bring bottle apple cider thing got heated,2022-01-25 23:30:41+00:00,,"{'neg': 0.143, 'neu': 0.714, 'pos': 0.143, 'compound': 0.0015}",0.0015
12,1486119360146063362,LYZA_gh,good music,2022-01-25 23:30:40+00:00,ROAD TO HASTAFARI,"{'neg': 0.0, 'neu': 0.256, 'pos': 0.744, 'compound': 0.4404}",0.4404
13,1486119359772778504,Alain_Patron,run back,2022-01-25 23:30:40+00:00,"Queens, NY","{'neg': 0.0, 'neu': 1.0, 'pos': 0.0, 'compound': 0.0}",0.0
14,1486119353569488897,steidley62,logic day still dragging eli apple completely understand hate u,2022-01-25 23:30:39+00:00,"Taintville, West Dakota","{'neg': 0.332, 'neu': 0.668, 'pos': 0.0, 'compound': -0.6096}",-0.6096
15,1486119353099640834,SugarMu70871330,dm cash app apple pay paypal,2022-01-25 23:30:39+00:00,,"{'neg': 0.219, 'neu': 0.781, 'pos': 0.0, 'compound': -0.1027}",-0.1027
16,1486119352764190720,runmaria,not every day world famous actress give shout podcast thanks guest natalia,2022-01-25 23:30:39+00:00,,"{'neg': 0.0, 'neu': 0.791, 'pos': 0.209, 'compound': 0.4404}",0.4404
17,1486119350700437510,avanderhees,breaking monsanto morgan visa pfizer humana apple google salesforce amazon higher ho,2022-01-25 23:30:38+00:00,LA,"{'neg': 0.0, 'neu': 0.866, 'pos': 0.134, 'compound': 0.1779}",0.1779
18,1486119350604111879,HHE_Radio,newmusicalert yoshi different life via hheradio np applemusic app,2022-01-25 23:30:38+00:00,Worldwide,"{'neg': 0.0, 'neu': 0.769, 'pos': 0.231, 'compound': 0.34}",0.34
19,1486119350017073153,gprai86,bullish dba fund dafribank account creditcard visa mastercard apple pay american expre,2022-01-25 23:30:38+00:00,Singapore,"{'neg': 0.113, 'neu': 0.887, 'pos': 0.0, 'compound': -0.1027}",-0.1027
20,1486119348179775493,niceupradio,dj sticky live inside mix right nice radio app available app,2022-01-25 23:30:38+00:00,United States,"{'neg': 0.0, 'neu': 0.781, 'pos': 0.219, 'compound': 0.4215}",0.4215
21,1486119347416408073,JamesBallyBall,next leg incoming full platform release jan st unique use,2022-01-25 23:30:37+00:00,Manchester,"{'neg': 0.0, 'neu': 1.0, 'pos': 0.0, 'compound': 0.0}",0.0
22,1486119343201009666,Katheri21385318,check voted favorite sport olympicgames tug war,2022-01-25 23:30:36+00:00,,"{'neg': 0.328, 'neu': 0.42, 'pos': 0.252, 'compound': -0.2263}",-0.2263
23,1486119342358028289,imnotandii,apple map tell part freeway closed annoyed,2022-01-25 23:30:36+00:00,,"{'neg': 0.295, 'neu': 0.568, 'pos': 0.136, 'compound': -0.34}",-0.34
24,1486119340671963147,dinahizer,oh hell no,2022-01-25 23:30:36+00:00,jersey,"{'neg': 0.872, 'neu': 0.128, 'pos': 0.0, 'compound': -0.7783}",-0.7783
25,1486119338411270148,Feet_Farther,micaela hazlewood share journey discus thrower check discus thrower code mic,2022-01-25 23:30:35+00:00,https://www.facebook.com/FeetFarther/,"{'neg': 0.0, 'neu': 0.82, 'pos': 0.18, 'compound': 0.296}",0.296
26,1486119336783892483,j__sand,remember first dropped still aol dial nd grade,2022-01-25 23:30:35+00:00,"LAFAYETTE, LA ‚úàÔ∏è NYC","{'neg': 0.0, 'neu': 1.0, 'pos': 0.0, 'compound': 0.0}",0.0
27,1486119335487844361,FilbertaFlores,stats love story kyuhyun itunes song update indonesia philippine total,2022-01-25 23:30:34+00:00,"Cuauhtenco,Tlaxcala","{'neg': 0.0, 'neu': 0.682, 'pos': 0.318, 'compound': 0.6369}",0.6369
28,1486119333701242881,haifaaairdinaa,today udon went apple store orchard road,2022-01-25 23:30:34+00:00,,"{'neg': 0.0, 'neu': 1.0, 'pos': 0.0, 'compound': 0.0}",0.0
29,1486119332241416196,OrendaBooks,chilling disturbing scarily possible thriller offtarget ebook,2022-01-25 23:30:34+00:00,"London, UK","{'neg': 0.449, 'neu': 0.408, 'pos': 0.143, 'compound': -0.4588}",-0.4588
30,1486119330223824896,jjendeukk_,phone technology apple iphone promax samsung galaxy ultra,2022-01-25 23:30:33+00:00,United States,"{'neg': 0.0, 'neu': 1.0, 'pos': 0.0, 'compound': 0.0}",0.0
31,1486119329167032327,BenPhillips2000,please read photo use link help u fight back watch video downl,2022-01-25 23:30:33+00:00,United States,"{'neg': 0.167, 'neu': 0.513, 'pos': 0.321, 'compound': 0.34}",0.34
32,1486119326646255619,VR_Revolution,mixed reality headset apple reportedly way feature borrow apple ecosystem,2022-01-25 23:30:32+00:00,"Perth, Scotland","{'neg': 0.0, 'neu': 1.0, 'pos': 0.0, 'compound': 0.0}",0.0
33,1486119326428000265,KanyeAsadaTorta,eli apple idk fan base hate saint giant saint fan,2022-01-25 23:30:32+00:00,"Phoenix, AZ","{'neg': 0.325, 'neu': 0.382, 'pos': 0.293, 'compound': -0.128}",-0.128
34,1486119315690729475,V65_biker,poor unfortunate non apple fan event,2022-01-25 23:30:30+00:00,,"{'neg': 0.535, 'neu': 0.263, 'pos': 0.202, 'compound': -0.5859}",-0.5859
35,1486119307771797513,TunesMz,thank send reminder appleevent october reply stop opt,2022-01-25 23:30:28+00:00,"Washington, DC","{'neg': 0.206, 'neu': 0.561, 'pos': 0.234, 'compound': 0.0772}",0.0772
36,1486119307520413700,Moo2513E2,official celebrate bybit million follower milestone today dive prize pool worth stand walk awa,2022-01-25 23:30:28+00:00,,"{'neg': 0.0, 'neu': 0.553, 'pos': 0.447, 'compound': 0.836}",0.836
37,1486119305569779716,MonaArbie,think putin invade ukraine west worried nbc news,2022-01-25 23:30:27+00:00,"Baltimore, MD","{'neg': 0.239, 'neu': 0.761, 'pos': 0.0, 'compound': -0.296}",-0.296
38,1486119305154605058,Destiny23970012,funny never tasted lime anyways lime green apple wanna try sam,2022-01-25 23:30:27+00:00,in my editing zone,"{'neg': 0.0, 'neu': 0.775, 'pos': 0.225, 'compound': 0.4404}",0.4404
39,1486119305049636865,LDCMLPD,really liked episode reason not showing show laptop,2022-01-25 23:30:27+00:00,"Los Angeles, CA","{'neg': 0.0, 'neu': 0.694, 'pos': 0.306, 'compound': 0.4754}",0.4754
40,1486119302843490304,KaraLynne0326,second used apple health app year hysterectomy always point,2022-01-25 23:30:27+00:00,"North Carolina, USA","{'neg': 0.0, 'neu': 1.0, 'pos': 0.0, 'compound': 0.0}",0.0
41,1486119302117740548,rasbeiu,youtube premium famplan bulan bulan indplan bulan langsung jual youtube premium netf,2022-01-25 23:30:27+00:00,TWEETBOT ,"{'neg': 0.0, 'neu': 1.0, 'pos': 0.0, 'compound': 0.0}",0.0
42,1486119301073362947,Soyandygamez,santo song day listen,2022-01-25 23:30:26+00:00,,"{'neg': 0.0, 'neu': 1.0, 'pos': 0.0, 'compound': 0.0}",0.0
43,1486119298737319939,ErinAlMehairi,excited share writing bought short story aphrodite beauty beare,2022-01-25 23:30:26+00:00,"Ohio, USA","{'neg': 0.0, 'neu': 0.417, 'pos': 0.583, 'compound': 0.8126}",0.8126
44,1486119292844322822,aImanzars,bring back real music,2022-01-25 23:30:24+00:00,SHE/HER ‚Ä¢ BLACK ‚Ä¢ 19,"{'neg': 0.0, 'neu': 1.0, 'pos': 0.0, 'compound': 0.0}",0.0
45,1486119292332429314,SeattleTam,product able repair included support right repair,2022-01-25 23:30:24+00:00,Seattle,"{'neg': 0.0, 'neu': 0.69, 'pos': 0.31, 'compound': 0.4019}",0.4019
46,1486119289455267849,LatinMixMasters,estas escuchando la en regaetton playing lmm reggaeton radio pareja del sebastian yatra myke towe,2022-01-25 23:30:24+00:00,NYC / NJ / WORLDWIDE,"{'neg': 0.0, 'neu': 0.886, 'pos': 0.114, 'compound': 0.2023}",0.2023
47,1486119287643422720,HiroGallery,apple ebay plus ship free,2022-01-25 23:30:23+00:00,Okinotorishima Ogasawara Tokyo,"{'neg': 0.0, 'neu': 0.548, 'pos': 0.452, 'compound': 0.5106}",0.5106
48,1486119280638889986,mandastayzfly,doja cat absolutely insane verse,2022-01-25 23:30:21+00:00,,"{'neg': 0.428, 'neu': 0.572, 'pos': 0.0, 'compound': -0.4576}",-0.4576
49,1486119276109090816,ITZTHATGUY13,sean payton take playful jab eli apple pulling vonn bell trey hendrickson eli little bit,2022-01-25 23:30:20+00:00,,"{'neg': 0.0, 'neu': 0.828, 'pos': 0.172, 'compound': 0.4404}",0.4404
50,1486119275173761026,_surfariworld,surprised momma one even believe baby made,2022-01-25 23:30:20+00:00,Rainforest ,"{'neg': 0.0, 'neu': 0.759, 'pos': 0.241, 'compound': 0.2263}",0.2263
51,1486119274557018113,JeannettedeBon2,pepsi responds boycott call donation texas gop supporter abortion ban usa today,2022-01-25 23:30:20+00:00,"Buffalo, WY","{'neg': 0.347, 'neu': 0.529, 'pos': 0.124, 'compound': -0.5859}",-0.5859
52,1486119269624684545,AothmanL,apple granted restraining order woman allegedly threatened harassed stalked ceo tim cook,2022-01-25 23:30:19+00:00,"Gusau, Nigeria Lome","{'neg': 0.371, 'neu': 0.514, 'pos': 0.114, 'compound': -0.6705}",-0.6705
53,1486119265430290434,LYZA_gh,men need song go viral everywhere,2022-01-25 23:30:18+00:00,ROAD TO HASTAFARI,"{'neg': 0.0, 'neu': 1.0, 'pos': 0.0, 'compound': 0.0}",0.0
54,1486119265375854600,SiG_GavinYT,fun fact apple potato onion taste eat nose plugged,2022-01-25 23:30:18+00:00,,"{'neg': 0.0, 'neu': 0.708, 'pos': 0.292, 'compound': 0.5106}",0.5106
55,1486119260007309312,pinkycstrd2,disini aku jual spotify viu youtube netflix iflix apple music disney hotstar preset lightroom vsco dll loh yuk langsung dm,2022-01-25 23:30:17+00:00,,"{'neg': 0.0, 'neu': 1.0, 'pos': 0.0, 'compound': 0.0}",0.0
56,1486119259218534405,EPWShow,royalrumble preview prediction royalrumble wrestling wrestlemania wrestlingcommunity,2022-01-25 23:30:16+00:00,"Buffalo, NY","{'neg': 0.0, 'neu': 1.0, 'pos': 0.0, 'compound': 0.0}",0.0
57,1486119257964523530,Khxlin,saint castoff eli apple history guide soon cost cincinnati bengal dearly playoff attacked ne,2022-01-25 23:30:16+00:00,,"{'neg': 0.169, 'neu': 0.674, 'pos': 0.157, 'compound': -0.0516}",-0.0516
58,1486119257796747279,xtianp87,tweetbot io app store shiny new bit go get,2022-01-25 23:30:16+00:00,Burgos,"{'neg': 0.0, 'neu': 1.0, 'pos': 0.0, 'compound': 0.0}",0.0
59,1486119255829450753,sexyhotboyfrz,imma pissed hell apple find releasing kind pink phone year,2022-01-25 23:30:16+00:00,18 capricorn he/they,"{'neg': 0.458, 'neu': 0.365, 'pos': 0.177, 'compound': -0.7506}",-0.7506
60,1486119253434507264,seoscottsdale,think putin invade ukraine west worried nbc news,2022-01-25 23:30:15+00:00,"Scottsdale, AZ","{'neg': 0.239, 'neu': 0.761, 'pos': 0.0, 'compound': -0.296}",-0.296
61,1486119251903758336,SpiritHearts1,kari jobe healer get app apple android phone live catholic internet radio,2022-01-25 23:30:15+00:00,"Diocese of Orange, CA","{'neg': 0.0, 'neu': 1.0, 'pos': 0.0, 'compound': 0.0}",0.0
62,1486119249382977536,Muminaloves,apple juice better orange juice,2022-01-25 23:30:14+00:00,henjoyment,"{'neg': 0.0, 'neu': 0.58, 'pos': 0.42, 'compound': 0.4404}",0.4404
63,1486119248808140806,pascoej_,apple webkit team many opening highlight position every couple day webkit web compatibility engineer gen,2022-01-25 23:30:14+00:00,"San Francisco, CA","{'neg': 0.0, 'neu': 0.854, 'pos': 0.146, 'compound': 0.34}",0.34
64,1486119245205622788,ujung_yj,happy birthday bettywu catch sweetteeth stageboom theromancetheseries iqiyi app,2022-01-25 23:30:13+00:00,"Yogyakarta, Indonesia","{'neg': 0.0, 'neu': 0.684, 'pos': 0.316, 'compound': 0.5719}",0.5719
65,1486119243360129025,EvansTanya86,dalzell apple walnut salad delicious rocket,2022-01-25 23:30:13+00:00,Sydney,"{'neg': 0.0, 'neu': 0.575, 'pos': 0.425, 'compound': 0.5719}",0.5719
66,1486119241476575232,AellaH1storical,anyone roblox account royale high level paying apple gift card ngf must,2022-01-25 23:30:12+00:00,,"{'neg': 0.0, 'neu': 0.791, 'pos': 0.209, 'compound': 0.4404}",0.4404
67,1486119240646103040,Unperfect79,please read photo use link help u fight back watch video downl,2022-01-25 23:30:12+00:00,,"{'neg': 0.167, 'neu': 0.513, 'pos': 0.321, 'compound': 0.34}",0.34
68,1486119240143093761,claraBustamenat,repeat buy de una vez itunes,2022-01-25 23:30:12+00:00,GomezCounty,"{'neg': 0.0, 'neu': 1.0, 'pos': 0.0, 'compound': 0.0}",0.0
69,1486119239211798532,GhostlyOwl,anastasia ghostly owl open online shopping book available audio book version,2022-01-25 23:30:12+00:00,British Columbia,"{'neg': 0.0, 'neu': 1.0, 'pos': 0.0, 'compound': 0.0}",0.0
70,1486119238486089734,imightbeakulak,shame not structure society bonobo go chimp route bad apple,2022-01-25 23:30:11+00:00,,"{'neg': 0.452, 'neu': 0.548, 'pos': 0.0, 'compound': -0.765}",-0.765
71,1486119237118828545,Retetweet,cinnamon apple matte solid nylon spandex swimwear fabric,2022-01-25 23:30:11+00:00,,"{'neg': 0.0, 'neu': 0.814, 'pos': 0.186, 'compound': 0.1531}",0.1531
72,1486119235810172928,BonitaMorris14,matt refuse read anything told stop looking learning bla,2022-01-25 23:30:11+00:00,"Braintree, East UK ","{'neg': 0.386, 'neu': 0.614, 'pos': 0.0, 'compound': -0.5267}",-0.5267
73,1486119235222974472,kristanicoleex,apple really need shut fuck telling icloud full every fucking day like yea know suck dick,2022-01-25 23:30:11+00:00,Long Island,"{'neg': 0.403, 'neu': 0.485, 'pos': 0.112, 'compound': -0.8012}",-0.8012
74,1486119234832789505,GlennGriffin8,get free mask u government vox,2022-01-25 23:30:11+00:00,Maine to Colorado,"{'neg': 0.0, 'neu': 0.548, 'pos': 0.452, 'compound': 0.5106}",0.5106
75,1486119233620750337,FFTG00,international show woa download app android iphone,2022-01-25 23:30:10+00:00,,"{'neg': 0.0, 'neu': 1.0, 'pos': 0.0, 'compound': 0.0}",0.0
76,1486119232291192839,asleepval,dont trust no named chris cuz chris crossed apple sauce think,2022-01-25 23:30:10+00:00,ur arms,"{'neg': 0.199, 'neu': 0.662, 'pos': 0.139, 'compound': -0.2057}",-0.2057
77,1486119231611678721,desshhaaa,dnd best ting apple ever make,2022-01-25 23:30:10+00:00,,"{'neg': 0.0, 'neu': 0.543, 'pos': 0.457, 'compound': 0.6369}",0.6369
78,1486119231427076101,LearnLife,run back,2022-01-25 23:30:10+00:00,"Queens, NY","{'neg': 0.0, 'neu': 1.0, 'pos': 0.0, 'compound': 0.0}",0.0
79,1486119226121273346,mom_meanie,please read photo use link help u fight back watch video downl,2022-01-25 23:30:08+00:00,United States,"{'neg': 0.167, 'neu': 0.513, 'pos': 0.321, 'compound': 0.34}",0.34
80,1486119224065986561,wasaby_banana,ki apple music,2022-01-25 23:30:08+00:00,,"{'neg': 0.0, 'neu': 1.0, 'pos': 0.0, 'compound': 0.0}",0.0
81,1486119223533264899,connorharrison,apple add iphone order someone call must first text ask consent,2022-01-25 23:30:08+00:00,"Salt Lake City, UT","{'neg': 0.0, 'neu': 0.84, 'pos': 0.16, 'compound': 0.2263}",0.2263
82,1486119219762810882,Tiffiny_MS,dont let news distract fact eli apple gonna get torched sunday,2022-01-25 23:30:07+00:00,"Biloxi, MS","{'neg': 0.0, 'neu': 0.841, 'pos': 0.159, 'compound': 0.2235}",0.2235
83,1486119219343204356,rzola7,sprinkle good today anyone remember original name edge tomorrow livedierepeat,2022-01-25 23:30:07+00:00,Los Angeles,"{'neg': 0.0, 'neu': 0.606, 'pos': 0.394, 'compound': 0.6369}",0.6369
84,1486119215883034627,cnni,apple granted restraining order woman allegedly threatened harassed stalked ceo tim,2022-01-25 23:30:06+00:00,Everywhere,"{'neg': 0.394, 'neu': 0.485, 'pos': 0.121, 'compound': -0.6705}",-0.6705
85,1486119215455162379,brill_leah,confronted could say tim cook never heard name apple tim apple,2022-01-25 23:30:06+00:00,"West Virginia, USA","{'neg': 0.153, 'neu': 0.847, 'pos': 0.0, 'compound': -0.2023}",-0.2023
86,1486119211151806464,iMore,cityrow max rower first ever apple watch integration,2022-01-25 23:30:05+00:00,üéâüíõüéâ,"{'neg': 0.0, 'neu': 1.0, 'pos': 0.0, 'compound': 0.0}",0.0
87,1486119205414002694,Gabizeta_,leighade lm apple music event,2022-01-25 23:30:03+00:00,,"{'neg': 0.0, 'neu': 1.0, 'pos': 0.0, 'compound': 0.0}",0.0
88,1486119202352107521,DawnExMachina,apple juice,2022-01-25 23:30:03+00:00,,"{'neg': 0.0, 'neu': 1.0, 'pos': 0.0, 'compound': 0.0}",0.0
89,1486119197482655752,snoboscast,global success wordle clone flood app store cash grab apple forced intervene,2022-01-25 23:30:02+00:00,"Atlanta, GA","{'neg': 0.18, 'neu': 0.599, 'pos': 0.222, 'compound': 0.1779}",0.1779
90,1486119197444816896,zero_2_nothing,federal reserve decision microsoft apple earnings know week,2022-01-25 23:30:02+00:00,Localhost,"{'neg': 0.0, 'neu': 1.0, 'pos': 0.0, 'compound': 0.0}",0.0
91,1486119195913846784,RidiculousBurgr,mimosa drink jaco biggest drink world famous costa rica jaco top restaurant different gourme,2022-01-25 23:30:01+00:00,"Puntarenas, Costa Rica","{'neg': 0.0, 'neu': 0.878, 'pos': 0.122, 'compound': 0.2023}",0.2023
92,1486119192478642178,JeffGSpursZone,fan episode spur fan thought becky hammon leaving team fan guest,2022-01-25 23:30:00+00:00,San Antonio/New York City,"{'neg': 0.0, 'neu': 0.537, 'pos': 0.463, 'compound': 0.7096}",0.7096
93,1486119190545281033,gaytimes,new music one playlist stream queer right,2022-01-25 23:30:00+00:00,Worldwide,"{'neg': 0.0, 'neu': 1.0, 'pos': 0.0, 'compound': 0.0}",0.0
94,1486119189555388416,Molice_News,support molice download purchase th album gate bandcamp appl,2022-01-25 23:30:00+00:00,"Buffalo, NY","{'neg': 0.0, 'neu': 0.748, 'pos': 0.252, 'compound': 0.4019}",0.4019
95,1486119182869610498,brill_leah,understanding correctly apple got restraining order cook employee store,2022-01-25 23:29:58+00:00,"West Virginia, USA","{'neg': 0.0, 'neu': 1.0, 'pos': 0.0, 'compound': 0.0}",0.0
96,1486119180852088833,madisonalbert13,always good idea stream,2022-01-25 23:29:58+00:00,"Seattle, WA","{'neg': 0.0, 'neu': 0.508, 'pos': 0.492, 'compound': 0.4404}",0.4404
97,1486119178625032192,decomposedhorse,great school snack apple contains lot carbs protein low fat make sur,2022-01-25 23:29:57+00:00,,"{'neg': 0.13, 'neu': 0.617, 'pos': 0.253, 'compound': 0.4588}",0.4588
98,1486119168282099713,HorangPremiumss,open netflix spotify canva youtube viu disney grammarly quillbot apple music picsart gold,2022-01-25 23:29:55+00:00,ph ,"{'neg': 0.0, 'neu': 1.0, 'pos': 0.0, 'compound': 0.0}",0.0
99,1486119167866646529,tv_okina,final tragedy bandcamp youtube tha,2022-01-25 23:29:55+00:00,Cosplay Development Center,"{'neg': 0.524, 'neu': 0.476, 'pos': 0.0, 'compound': -0.6597}",-0.6597
100,1486119163760422920,succubiic,made mini hello kitty apple pie last night turned much better expected,2022-01-25 23:29:54+00:00,19,"{'neg': 0.0, 'neu': 0.791, 'pos': 0.209, 'compound': 0.4404}",0.4404
101,1486119161973645315,abrilponc,cancelado big apple,2022-01-25 23:29:53+00:00,,"{'neg': 0.0, 'neu': 1.0, 'pos': 0.0, 'compound': 0.0}",0.0
102,1486119160073625604,ApollyonWusky,hey excellent idea light green lime dark green green apple everyone happy,2022-01-25 23:29:53+00:00,"Somewhere in Kentucky, USA","{'neg': 0.0, 'neu': 0.575, 'pos': 0.425, 'compound': 0.8126}",0.8126
103,1486119160048283648,ChrisDewald,closeup bee iphone shotoniphone iphonemacrochallenge wooster ohio,2022-01-25 23:29:53+00:00,"Massillon, OH","{'neg': 0.0, 'neu': 1.0, 'pos': 0.0, 'compound': 0.0}",0.0
104,1486119159511785474,Ordo86760109,rate ninneko star get sapphire box step download ninneko game google play apple store rate star,2022-01-25 23:29:53+00:00,,"{'neg': 0.0, 'neu': 0.862, 'pos': 0.138, 'compound': 0.34}",0.34
105,1486119158190325761,PurpleBarb3121,please read photo use link help u fight back watch video downl,2022-01-25 23:29:52+00:00,üåàOver The Rainbow üåà,"{'neg': 0.167, 'neu': 0.513, 'pos': 0.321, 'compound': 0.34}",0.34
106,1486119154558115848,knndarie_,apple still fix omw way,2022-01-25 23:29:51+00:00,,"{'neg': 0.0, 'neu': 1.0, 'pos': 0.0, 'compound': 0.0}",0.0
107,1486119152075038720,_kendadon,apple music gone make sure get lil,2022-01-25 23:29:51+00:00,,"{'neg': 0.0, 'neu': 0.723, 'pos': 0.277, 'compound': 0.3182}",0.3182
108,1486119148996694019,ren_patoriot,thank listen santo dale play,2022-01-25 23:29:50+00:00,üáØüáµ,"{'neg': 0.0, 'neu': 0.38, 'pos': 0.62, 'compound': 0.5994}",0.5994
109,1486119143866703878,21nimat,house speaker pelosi seek election reversing earlier plan reuters,2022-01-25 23:29:49+00:00,"San Francisco, CA","{'neg': 0.0, 'neu': 1.0, 'pos': 0.0, 'compound': 0.0}",0.0
110,1486119139571744769,UnfetteredMind3,girlnm take apple yr later turn around,2022-01-25 23:29:48+00:00,,"{'neg': 0.0, 'neu': 1.0, 'pos': 0.0, 'compound': 0.0}",0.0
111,1486119134694109184,Cytosinee21,rate ninneko star get sapphire box step download ninneko game google play apple store rate star,2022-01-25 23:29:47+00:00,"Kota Yogyakarta, Yogyakarta","{'neg': 0.0, 'neu': 0.862, 'pos': 0.138, 'compound': 0.34}",0.34
112,1486119134349959168,LatinMixMasters,la mejor en bachata lmm bachata radio bachata mix dj annie star tune iphone,2022-01-25 23:29:47+00:00,NYC / NJ / WORLDWIDE,"{'neg': 0.0, 'neu': 1.0, 'pos': 0.0, 'compound': 0.0}",0.0
113,1486119133850783746,thetechrat,dream apple ecosystem would pick,2022-01-25 23:29:46+00:00,,"{'neg': 0.0, 'neu': 0.667, 'pos': 0.333, 'compound': 0.25}",0.25
114,1486119133611712514,kamals921,stone hand friend apple mauritanian proverb stone hand friend apple maurit,2022-01-25 23:29:46+00:00,,"{'neg': 0.0, 'neu': 0.354, 'pos': 0.646, 'compound': 0.9153}",0.9153
115,1486119129807564811,yungmarketer,opening application ecomm playbook group best resource internet starting ecomm brand,2022-01-25 23:29:45+00:00,"York, PA","{'neg': 0.0, 'neu': 0.704, 'pos': 0.296, 'compound': 0.6369}",0.6369
116,1486119129484443648,anaisabel_xx,message beginning gt,2022-01-25 23:29:45+00:00,,"{'neg': 0.0, 'neu': 0.488, 'pos': 0.512, 'compound': 0.2732}",0.2732
117,1486119126238121990,_3_0_5___,inside control,2022-01-25 23:29:45+00:00,unknown,"{'neg': 0.0, 'neu': 1.0, 'pos': 0.0, 'compound': 0.0}",0.0
118,1486119123981463555,Soyandygamez,thank listen santo dale play,2022-01-25 23:29:44+00:00,,"{'neg': 0.0, 'neu': 0.38, 'pos': 0.62, 'compound': 0.5994}",0.5994
119,1486119118117871624,EtherDash,let guess thought apple tracking maga,2022-01-25 23:29:43+00:00,,"{'neg': 0.0, 'neu': 1.0, 'pos': 0.0, 'compound': 0.0}",0.0
120,1486119113797910535,smoon418,please read photo use link help u fight back watch video downl,2022-01-25 23:29:42+00:00,"Manhattan, NY","{'neg': 0.167, 'neu': 0.513, 'pos': 0.321, 'compound': 0.34}",0.34
121,1486119111977537543,thattuesdaybeef,like lime skittle green apple one gonna assume wild crazy shit,2022-01-25 23:29:41+00:00,,"{'neg': 0.364, 'neu': 0.485, 'pos': 0.152, 'compound': -0.5423}",-0.5423
122,1486119109322416128,clairbear_25,sing nate dogg,2022-01-25 23:29:41+00:00,DA WEST,"{'neg': 0.0, 'neu': 1.0, 'pos': 0.0, 'compound': 0.0}",0.0
123,1486119106134822912,tmoran711,imagine win popularity contest brooklyn ny get th control trillion spending bi,2022-01-25 23:29:40+00:00,"Connecticut, USA","{'neg': 0.0, 'neu': 0.592, 'pos': 0.408, 'compound': 0.7845}",0.7845
124,1486119104662671360,DiasXiotis,product able repair included support right repair,2022-01-25 23:29:39+00:00,,"{'neg': 0.0, 'neu': 0.69, 'pos': 0.31, 'compound': 0.4019}",0.4019
125,1486119103765139465,Dava711,farrell hangover drink mate absolutely amazing pint blackcurrant lemonade blackcurr,2022-01-25 23:29:39+00:00,"birmingham, uk","{'neg': 0.0, 'neu': 0.687, 'pos': 0.313, 'compound': 0.624}",0.624
126,1486119100388569088,davyde,received empty cardboard box getting no response customer service dis,2022-01-25 23:29:38+00:00,,"{'neg': 0.333, 'neu': 0.667, 'pos': 0.0, 'compound': -0.4588}",-0.4588
127,1486119098090082304,yeseovy,get beat ive ahahahaha,2022-01-25 23:29:38+00:00,she they filo rcbyf,"{'neg': 0.0, 'neu': 1.0, 'pos': 0.0, 'compound': 0.0}",0.0
128,1486119097930768387,tyunvu,ill get apple gift card,2022-01-25 23:29:38+00:00,,"{'neg': 0.322, 'neu': 0.345, 'pos': 0.333, 'compound': 0.0258}",0.0258
129,1486119091626725379,tiffphonyyy,sean payton taking playful jab eli apple good,2022-01-25 23:29:36+00:00,TEXAS FOREVER,"{'neg': 0.0, 'neu': 0.508, 'pos': 0.492, 'compound': 0.7003}",0.7003
130,1486119090989244418,kikkoman323,hmm imagine biden actually deport fox say lie,2022-01-25 23:29:36+00:00,"Baltimore, MD","{'neg': 0.0, 'neu': 1.0, 'pos': 0.0, 'compound': 0.0}",0.0
131,1486119088166510596,peachomie,apple going jail party,2022-01-25 23:29:36+00:00,she/her | 20 | rus/eng,"{'neg': 0.0, 'neu': 0.526, 'pos': 0.474, 'compound': 0.4019}",0.4019
132,1486119087042449409,_3_0_5___,give something feel alright,2022-01-25 23:29:35+00:00,unknown,"{'neg': 0.0, 'neu': 0.6, 'pos': 0.4, 'compound': 0.25}",0.25
133,1486119085326880783,LiangPupu,best deal macbooks right,2022-01-25 23:29:35+00:00,"Frankfurt am Main, Deutschland","{'neg': 0.0, 'neu': 0.417, 'pos': 0.583, 'compound': 0.6369}",0.6369
134,1486119084706222086,DaBush1023,please read photo use link help u fight back watch video downl,2022-01-25 23:29:35+00:00,"Pennsylvania, USA","{'neg': 0.167, 'neu': 0.513, 'pos': 0.321, 'compound': 0.34}",0.34
135,1486119083351457797,Tylerhackworth3,october th last wallet dropped apple not even month yet hit million,2022-01-25 23:29:34+00:00,,"{'neg': 0.0, 'neu': 1.0, 'pos': 0.0, 'compound': 0.0}",0.0
136,1486119081417789441,blossomingwords,got em,2022-01-25 23:29:34+00:00,"Washington, DC","{'neg': 0.0, 'neu': 1.0, 'pos': 0.0, 'compound': 0.0}",0.0
137,1486119079182499841,spaceofhippop,never listened morning must,2022-01-25 23:29:33+00:00,.ƒ±lƒ±lƒ±llƒ±lƒ±.ƒ±llƒ±.,"{'neg': 0.0, 'neu': 1.0, 'pos': 0.0, 'compound': 0.0}",0.0
138,1486119075017367552,_choiii_,sour apple smoothie,2022-01-25 23:29:32+00:00,,"{'neg': 0.0, 'neu': 1.0, 'pos': 0.0, 'compound': 0.0}",0.0
139,1486119073956040708,HopefulHswife,interview,2022-01-25 23:29:32+00:00,United States,"{'neg': 0.0, 'neu': 1.0, 'pos': 0.0, 'compound': 0.0}",0.0
140,1486119071607398401,Jenny_tsol,silence ultimate weapon power charles de gaulle,2022-01-25 23:29:32+00:00,Greece,"{'neg': 0.268, 'neu': 0.732, 'pos': 0.0, 'compound': -0.296}",-0.296
141,1486119068784635908,SpazzRRollaxk45,eli apple still getting dragged lmao man really pay keep mouth closed,2022-01-25 23:29:31+00:00,,"{'neg': 0.183, 'neu': 0.57, 'pos': 0.247, 'compound': 0.4601}",0.4601
142,1486119067794739206,jurijt,imagine win popularity contest brooklyn ny get th control trillion spending bi,2022-01-25 23:29:31+00:00,"Chicago, IL","{'neg': 0.0, 'neu': 0.592, 'pos': 0.408, 'compound': 0.7845}",0.7845
143,1486119064879644672,kiddval_,dont trust no named chris cuz chris crossed apple sauce think,2022-01-25 23:29:30+00:00,999 18 NY,"{'neg': 0.199, 'neu': 0.662, 'pos': 0.139, 'compound': -0.2057}",-0.2057
144,1486119064116375555,sugabot,best song ever heard,2022-01-25 23:29:30+00:00,"bts, shinee","{'neg': 0.0, 'neu': 0.417, 'pos': 0.583, 'compound': 0.6369}",0.6369
145,1486119062300200962,MLima628,justin bieber whole discography charting apple music indonesia damnnn,2022-01-25 23:29:29+00:00,"Berlin, Deutschland","{'neg': 0.0, 'neu': 1.0, 'pos': 0.0, 'compound': 0.0}",0.0
146,1486119061876531200,mattiacantalu,io macos devs using xcode cloud working native io client live beta te,2022-01-25 23:29:29+00:00,Italy üáÆüáπ,"{'neg': 0.0, 'neu': 1.0, 'pos': 0.0, 'compound': 0.0}",0.0
147,1486119061121646594,Im__AnnMarie,gahhdamn hard annmarie,2022-01-25 23:29:29+00:00,üíî,"{'neg': 0.412, 'neu': 0.588, 'pos': 0.0, 'compound': -0.1027}",-0.1027
148,1486119055350239233,LMS_United,really hoping post round vent tune round submit top,2022-01-25 23:29:28+00:00,,"{'neg': 0.0, 'neu': 0.589, 'pos': 0.411, 'compound': 0.5984}",0.5984
149,1486119051734790144,Det9651,gum would totally date except apple cider totally red flag,2022-01-25 23:29:27+00:00,,"{'neg': 0.0, 'neu': 1.0, 'pos': 0.0, 'compound': 0.0}",0.0
150,1486119050531176451,rogsims,aged care minister richard colbeck went ash test day declined appear guardian australia,2022-01-25 23:29:27+00:00,"Bayswater, Perth (WA)","{'neg': 0.0, 'neu': 0.789, 'pos': 0.211, 'compound': 0.4939}",0.4939
151,1486119047880220677,honeysummersky,officially switched spotify apple music,2022-01-25 23:29:26+00:00,moon‚Äôs mattress kingdom,"{'neg': 0.0, 'neu': 1.0, 'pos': 0.0, 'compound': 0.0}",0.0
152,1486119046353457152,GregHanderson,joshua kitsune fasshauer,2022-01-25 23:29:26+00:00,,"{'neg': 0.0, 'neu': 1.0, 'pos': 0.0, 'compound': 0.0}",0.0
153,1486119044654710789,GemmRand,two time apple support three week two case number,2022-01-25 23:29:25+00:00,"West Virginia, USA","{'neg': 0.0, 'neu': 0.636, 'pos': 0.364, 'compound': 0.4588}",0.4588
154,1486119044633690113,LuciferRain66,celebs mubeat please engage daily jimin mycelebs mubeat page increase social index follow page,2022-01-25 23:29:25+00:00,"Taipei City, Taiwan","{'neg': 0.0, 'neu': 0.611, 'pos': 0.389, 'compound': 0.7184}",0.7184
155,1486119043820052486,cabbiness,eli apple one worst corner league patrick mahomes brother wife annoying people,2022-01-25 23:29:25+00:00,"Dallas, TX","{'neg': 0.405, 'neu': 0.595, 'pos': 0.0, 'compound': -0.7783}",-0.7783
156,1486119043488792584,LatinMixMasters,escucha la mejor estacion lmm urban radio kissed chris brown tune,2022-01-25 23:29:25+00:00,NYC / NJ / WORLDWIDE,"{'neg': 0.0, 'neu': 0.794, 'pos': 0.206, 'compound': 0.3818}",0.3818
157,1486119032453574667,AdelineHoran22,leighade lm apple music event,2022-01-25 23:29:22+00:00,,"{'neg': 0.0, 'neu': 1.0, 'pos': 0.0, 'compound': 0.0}",0.0
158,1486119030754795521,TassleXyz_agg,michael anthony one best people,2022-01-25 23:29:22+00:00,Try for free ‚ûú,"{'neg': 0.0, 'neu': 0.488, 'pos': 0.512, 'compound': 0.6369}",0.6369
159,1486119030645788680,MaxAMaxim,actor joining apple physical tv fitness instructor,2022-01-25 23:29:22+00:00,blm ‚Ä¢ hope against hate,"{'neg': 0.0, 'neu': 0.741, 'pos': 0.259, 'compound': 0.2732}",0.2732
160,1486119027030302721,GoldHawkZone,official celebrate bybit million follower milestone today dive prize pool worth stand walk awa,2022-01-25 23:29:21+00:00,,"{'neg': 0.0, 'neu': 0.553, 'pos': 0.447, 'compound': 0.836}",0.836
161,1486119024035516416,CaligulaisEddie,no mary speaking soul song one point life,2022-01-25 23:29:20+00:00,Washington D.C. ,"{'neg': 0.239, 'neu': 0.761, 'pos': 0.0, 'compound': -0.296}",-0.296
162,1486119022718603264,TimmyChompy,next leg incoming full platform release jan st unique use case nfts replica wat,2022-01-25 23:29:20+00:00,,"{'neg': 0.0, 'neu': 1.0, 'pos': 0.0, 'compound': 0.0}",0.0
163,1486119021036642304,PennettiDaniel,lutz eli apple proabbly get murdered,2022-01-25 23:29:20+00:00,,"{'neg': 0.468, 'neu': 0.532, 'pos': 0.0, 'compound': -0.6597}",-0.6597
164,1486119016456351744,brontyman,get free mask u government vox,2022-01-25 23:29:18+00:00,Southern California,"{'neg': 0.0, 'neu': 0.548, 'pos': 0.452, 'compound': 0.5106}",0.5106
165,1486119016276148230,sweetar__,fine girl mo lat,2022-01-25 23:29:18+00:00,Wizkid FCüìç,"{'neg': 0.0, 'neu': 0.625, 'pos': 0.375, 'compound': 0.2023}",0.2023
166,1486119015856873472,nujjaem,apple music grammarly picsart gold vidio prem crunchyroll skillshare remini vsco mola tv resso get contact,2022-01-25 23:29:18+00:00,üáÆüá©,"{'neg': 0.0, 'neu': 1.0, 'pos': 0.0, 'compound': 0.0}",0.0
167,1486119012312698882,macsdegraw,santo song day listen,2022-01-25 23:29:17+00:00,Worldwide,"{'neg': 0.0, 'neu': 1.0, 'pos': 0.0, 'compound': 0.0}",0.0
168,1486119011674992641,elpandasabroson,believe love first sight illusion care,2022-01-25 23:29:17+00:00,Nicaragua,"{'neg': 0.0, 'neu': 0.351, 'pos': 0.649, 'compound': 0.8126}",0.8126
169,1486119009183576064,RudebwoyNav,eli apple pissed philly new york new orleans baltimore city want piss,2022-01-25 23:29:17+00:00,silver spring maryland,"{'neg': 0.401, 'neu': 0.523, 'pos': 0.076, 'compound': -0.765}",-0.765
170,1486119009049358348,JxmWest,naija apple music wizkid made lagos deluxe edition keep streaming,2022-01-25 23:29:17+00:00,,"{'neg': 0.0, 'neu': 1.0, 'pos': 0.0, 'compound': 0.0}",0.0
171,1486119008457801728,MyNowNeatLife,michael anthony one best people,2022-01-25 23:29:17+00:00,,"{'neg': 0.0, 'neu': 0.488, 'pos': 0.512, 'compound': 0.6369}",0.6369
172,1486119006746599427,frankbryant938,every dose madeinlagosdeluxe,2022-01-25 23:29:16+00:00,,"{'neg': 0.0, 'neu': 1.0, 'pos': 0.0, 'compound': 0.0}",0.0
173,1486119000077701126,jeffjarvis,article read like apple paid nytimes write,2022-01-25 23:29:15+00:00,"New York, NY","{'neg': 0.0, 'neu': 0.706, 'pos': 0.294, 'compound': 0.3612}",0.3612
174,1486118994402852867,Fairy_Apple_,meme dress chamber pastel also similar dress sanrio character including melody kuromi,2022-01-25 23:29:13+00:00, DNI: Antis | Pedos | Terfs,"{'neg': 0.0, 'neu': 1.0, 'pos': 0.0, 'compound': 0.0}",0.0
175,1486118993346056192,Bee_BeEz,woo single golden child,2022-01-25 23:29:13+00:00,ùôàùôñùôßùô† ‚ô° ùôÖùôûùô£ùôÆùô§ùô™ùô£ùôú,"{'neg': 0.0, 'neu': 0.492, 'pos': 0.508, 'compound': 0.4767}",0.4767
176,1486118993245003777,TechIndustry_b,apple tim cook win restraining order woman citing tresp apple ceo tim coo,2022-01-25 23:29:13+00:00,Internet,"{'neg': 0.0, 'neu': 0.759, 'pos': 0.241, 'compound': 0.5859}",0.5859
177,1486118989848018944,yoonyul30050512,cantcontrolmyself taeyeon making week whole lot better http,2022-01-25 23:29:12+00:00,‡∏õ‡∏£‡∏∞‡πÄ‡∏ó‡∏®‡πÑ‡∏ó‡∏¢,"{'neg': 0.0, 'neu': 0.707, 'pos': 0.293, 'compound': 0.4404}",0.4404
178,1486118987901841410,aportbuzz,airport creating inclusive quiet space traveler find calm cond nast traveler airport,2022-01-25 23:29:12+00:00,Australia,"{'neg': 0.0, 'neu': 0.69, 'pos': 0.31, 'compound': 0.5423}",0.5423
179,1486118986999906306,mrteeblaze_,not apple music yet,2022-01-25 23:29:11+00:00,"Lagos, Nigeria","{'neg': 0.0, 'neu': 1.0, 'pos': 0.0, 'compound': 0.0}",0.0
180,1486118985166995456,brill_leah,apple ceo tim cook targeted possibly armed stalker came home still area,2022-01-25 23:29:11+00:00,"West Virginia, USA","{'neg': 0.0, 'neu': 1.0, 'pos': 0.0, 'compound': 0.0}",0.0
181,1486118981136175109,joelgriffith,hammer exciting news launching podcast coming february already amazing list gu,2022-01-25 23:29:10+00:00,"Washington, D.C.","{'neg': 0.0, 'neu': 0.562, 'pos': 0.438, 'compound': 0.7906}",0.7906
182,1486118980826054656,MarcusTeachUs,finally run natively silicon,2022-01-25 23:29:10+00:00,"Tasmania, Australia","{'neg': 0.0, 'neu': 1.0, 'pos': 0.0, 'compound': 0.0}",0.0
183,1486118977529073664,bakphoo,shawty got apple bottom jean boot fur,2022-01-25 23:29:09+00:00,21 üå± they üå± rt heavy,"{'neg': 0.0, 'neu': 1.0, 'pos': 0.0, 'compound': 0.0}",0.0
184,1486118976665051137,halalruntz,oh god sliding,2022-01-25 23:29:09+00:00,"Chicago, IL","{'neg': 0.0, 'neu': 0.488, 'pos': 0.512, 'compound': 0.2732}",0.2732
185,1486118975687868421,tswanny07,yahoo email go phone busted everything go new number snap apple thank god twitter got umn edu,2022-01-25 23:29:09+00:00,,"{'neg': 0.0, 'neu': 0.704, 'pos': 0.296, 'compound': 0.5994}",0.5994
186,1486118975528386564,Cryptocake11,next leg incoming full platform release jan st unique use case nfts replica wat,2022-01-25 23:29:09+00:00,,"{'neg': 0.0, 'neu': 1.0, 'pos': 0.0, 'compound': 0.0}",0.0
187,1486118973649391616,lishurrr,,2022-01-25 23:29:08+00:00,London town ,"{'neg': 0.0, 'neu': 0.0, 'pos': 0.0, 'compound': 0.0}",0.0
188,1486118973133316098,NobHillSal,haiku cubed bobbing apple surprise zesty ginger steam restorative tea poetry haiku,2022-01-25 23:29:08+00:00,"Nob Hill, San Francisco","{'neg': 0.0, 'neu': 0.84, 'pos': 0.16, 'compound': 0.2732}",0.2732
189,1486118972907048967,DextonThibodea1,saint many eli apple,2022-01-25 23:29:08+00:00,"Baton Rouge, LA","{'neg': 0.0, 'neu': 1.0, 'pos': 0.0, 'compound': 0.0}",0.0
190,1486118963083980804,_cwv2,checked amex billing find charged supposedly done apple pay,2022-01-25 23:29:06+00:00,,"{'neg': 0.314, 'neu': 0.686, 'pos': 0.0, 'compound': -0.296}",-0.296
191,1486118961267847172,CEaglez,eli apple pissed philly new york new orleans baltimore city want piss,2022-01-25 23:29:05+00:00,,"{'neg': 0.401, 'neu': 0.523, 'pos': 0.076, 'compound': -0.765}",-0.765
192,1486118953298636801,IntlTradeToday,apple seek section import ban ericsson product import,2022-01-25 23:29:03+00:00,"Washington, D.C.","{'neg': 0.34, 'neu': 0.66, 'pos': 0.0, 'compound': -0.5574}",-0.5574
193,1486118949805002752,zhao_ding11,shaoshang kissed lingbuyi adam apple novel leo mole neck mr director s,2022-01-25 23:29:03+00:00,,"{'neg': 0.0, 'neu': 0.647, 'pos': 0.353, 'compound': 0.5994}",0.5994
194,1486118949578153989,lowfunkg,weekly sit bet welcome new beard duckling catch full breakdown check,2022-01-25 23:29:02+00:00,"Colorado, USA","{'neg': 0.0, 'neu': 0.769, 'pos': 0.231, 'compound': 0.4588}",0.4588
195,1486118949112664065,them,actor joining apple physical tv fitness instructor,2022-01-25 23:29:02+00:00,,"{'neg': 0.0, 'neu': 0.741, 'pos': 0.259, 'compound': 0.2732}",0.2732
196,1486118949112606721,TabithaCornwell,backlash rightwing evangelicals reshaping american politics faith guardian sociology,2022-01-25 23:29:02+00:00,"Phoenix, AZ","{'neg': 0.0, 'neu': 0.741, 'pos': 0.259, 'compound': 0.4215}",0.4215
197,1486118948395487238,AdeuceAmoney,goandgetthat available apple music itunes store youtube music etc richmindsinreality yoboychriz,2022-01-25 23:29:02+00:00,"Richmond, VA","{'neg': 0.0, 'neu': 1.0, 'pos': 0.0, 'compound': 0.0}",0.0
198,1486118946885492736,srikantapaul09,made india government planning come policy fill facilitate creation indeginous operating system,2022-01-25 23:29:02+00:00,,"{'neg': 0.0, 'neu': 0.84, 'pos': 0.16, 'compound': 0.2732}",0.2732
199,1486118945958600705,iBanks_x3,io macos devs using xcode cloud working native io client live beta te,2022-01-25 23:29:02+00:00,,"{'neg': 0.0, 'neu': 1.0, 'pos': 0.0, 'compound': 0.0}",0.0
